{"flutter":{"platforms":{"android":{"default":{"projectId":"pedidos-b8b08","appId":"1:1078538329889:android:20e688ce5808ea50b16860","fileOutput":"android/app/google-services.json"}},"dart":{"lib/firebase_options.dart":{"projectId":"pedidos-b8b08","configurations":{"android":"1:1078538329889:android:20e688ce5808ea50b16860","ios":"1:1078538329889:ios:14620bfa98bc758cb16860","macos":"1:1078538329889:ios:14620bfa98bc758cb16860","web":"1:1078538329889:web:9563bc4db0001b81b16860","windows":"1:1078538329889:web:a3435782bf21e455b16860"}}}}}}