{
  "project_info": {
    "project_number": "1078538329889",
    "firebase_url": "https://pedidos-b8b08-default-rtdb.firebaseio.com",
    "project_id": "pedidos-b8b08",
    "storage_bucket": "pedidos-b8b08.appspot.com"
  },
  "client": [
    {
      "client_info": {
        "mobilesdk_app_id": "1:1078538329889:android:20e688ce5808ea50b16860",
        "android_client_info": {
          "package_name": "com.example.att_pedidos"
        }
      },
      "oauth_client": [],
      "api_key": [
        {
          "current_key": "AIzaSyA3EeCpvkOAciQq5Tw-JQnYS5pnSbeLsdU"
        }
      ],
      "services": {
        "appinvite_service": {
          "other_platform_oauth_client": []
        }
      }
    },
    {
      "client_info": {
        "mobilesdk_app_id": "1:1078538329889:android:043a1d1f8733704bb16860",
        "android_client_info": {
          "package_name": "pedidos.unifenas.celso"
        }
      },
      "oauth_client": [],
      "api_key": [
        {
          "current_key": "AIzaSyA3EeCpvkOAciQq5Tw-JQnYS5pnSbeLsdU"
        }
      ],
      "services": {
        "appinvite_service": {
          "other_platform_oauth_client": []
        }
      }
    }
  ],
  "configuration_version": "1"
}